"Epoch","MaxWeight"
1,1.420626
2,1.314857
3,1.480691
4,1.607184
5,1.859584
6,1.889349
7,2.124203
8,1.949861
9,2.131671
10,1.951146
